{
    "intercept": 44.43475319308472,
    "coefficients": [
        -0.63435835,
        0.00691163,
        -0.03921812,
        -0.00514331,
        0.52584555,
        2.7139289
    ]
}