{
    "rmse": 3.4867144279623834,
    "r2": 0.7824263246445256,
    "mae": 2.7929223081566183
}